No,Number,sex,age,response,differentiation,T.stage,N.stage,M.stage,TNM.stage,neutrophil,blood.platelet,lymphocyte,monocytes,PLR,albumin,rs3786362,rs4846049,rs2790,rs1801133,rs720106,rs2274976,rs2853741,rs1801159,rs699517,rs1042927,rs3753582,rs1801131,rs9967368,rs17376848,rs11030918
1147,1,Female,46,1,0,1,3,1,4,3.38,122,1.07,0.45,114,25,AG,GG,AG,AA,TT,CC,CT,CT,CT,AC,AA,TT,CG,AA,CT
1150,2,Female,48,0,0,4,3,1,4,4.71,155,1.29,0.33,120.2,39,AG,GG,AG,AA,CT,CC,CT,CT,CT,AC,AA,TT,CG,AA,CT
1148,3,Female,58,1,0,3,3,0,3,2.91,184,0.94,0.27,195.7,47,AA,TG,AG,GG,TT,CT,TT,CT,TT,AA,AC,TG,CC,AA,CT
1151,4,Female,60,1,0,4,3,1,4,2.2,225,1.2,0.16,187.5,40,AA,GG,AA,AA,CT,CC,CT,CT,CT,AC,AA,TT,CG,AA,CT
1202,5,Female,65,0,0,4,3,1,4,3.98,101,1.06,0.19,95.3,46,AA,GG,AG,GG,TT,CC,CT,TT,CT,AA,AA,TT,CG,AA,CT
1201,6,Female,47,0,2,3,2,1,4,9.08,383,0.7,0.84,547.1,35,AA,TG,AA,GG,CT,CT,CT,CT,TT,AC,AC,TG,CG,AG,CT
1232,7,Male,58,1,1,3,1,0,3,4.38,141,1.4,0.32,100.7,41,AA,TG,AA,GG,TT,CC,CC,CT,CC,AA,AA,TG,CC,AA,CC
1250,8,Male,66,1,0,4,3,0,3,3.05,168,0.75,0.31,224,34,AG,GG,GG,AG,TT,CC,TT,CT,TT,AA,AA,TT,CG,AA,CC
1276,9,Male,41,1,0,4,3,1,4,1.43,222,1.97,0.23,112.7,43,AA,GG,AG,GG,TT,CC,CT,CT,CT,AA,AA,TT,GG,AA,CT
1277,10,Male,60,0,0,3,3,0,3,2.57,235,1.4,0.23,167.9,36,AA,GG,AG,GG,TT,CC,CT,CT,TT,AA,AA,TT,CC,AA,CT
1324,11,Female,31,1,0,4,3,0,3,2.53,340,1.37,0.21,248.2,31,AA,TG,AA,GG,CC,CT,CC,TT,CC,CC,AC,TG,CG,AA,TT
1325,12,Male,57,1,1,3,0,0,2,6.68,231,1.91,0.43,120.9,47,AG,GG,GG,AA,TT,CC,TT,TT,TT,AA,AA,TT,CC,AA,TT
1348,13,Male,59,1,1,3,2,0,3,4.9,444,1.41,0.47,314.9,37,AA,GG,AG,AG,TT,CC,CT,CT,TT,AA,AA,TT,CC,AA,CC
1565,14,Male,68,1,1,4,3,0,3,2.41,67,1.07,0.24,62.6,39,AG,TG,AG,AG,CT,CC,CT,CT,CT,AC,AA,TG,CG,GG,CT
1597,15,Male,68,1,0,4,0,0,2,2.24,321,2.52,0.37,127.4,40,AA,GG,AA,AG,CT,CC,CC,CT,CC,AC,AA,TT,CG,AA,CT
1596,16,Male,55,1,0,4,2,0,3,3.32,197,2.92,0.54,67.5,42,AA,GG,AG,GG,TT,CC,CT,CT,CT,AA,AA,TT,CG,AA,CT
1631,17,Male,71,1,0,4,3,0,3,1.99,249,0.96,0.53,259.4,32,AA,GG,AA,GG,TT,CC,CT,CC,CC,AA,AA,TT,CG,AA,CT
1690,18,Male,67,1,1,4,2,0,3,3.83,284,2.47,0.25,115,46,AG,TG,AG,GG,TT,CT,CT,CT,CT,AA,AC,TG,CG,AA,TT
1740,19,Male,52,1,0,4,2,1,4,14.62,60,0.37,0.52,162.2,22,AA,GG,AG,GG,CT,CC,CT,TT,CT,AC,AA,TT,CG,AG,CT
1739,20,Female,67,1,1,3,2,1,4,3.28,115,1.11,0.4,103.6,46,AA,TG,AA,GG,CT,CC,TT,CT,TT,AC,AA,TG,CC,AA,TT
1760,21,Male,53,1,0,4,3,1,4,4.31,344,1.15,0.73,299.1,36,AG,TG,AG,AG,TT,CC,CT,CT,CT,AC,AA,TG,CG,AA,CC
907,22,Male,69,1,0,4,3,1,4,4.01,178,0.73,0.3,243.8,42,AG,GG,AG,AG,TT,CC,CT,CT,CT,AA,AA,TT,CG,AA,CT
1958,23,Male,77,1,0,3,2,1,4,4.78,179,0.75,0.5,238.7,46,AG,GG,GG,AG,TT,CC,TT,CT,TT,AA,AA,TT,CG,AA,CT
1957,24,Male,46,1,0,3,2,1,4,3.97,122,1.28,0.45,95.3,43,AA,GG,GG,GG,TT,CC,TT,CT,TT,AC,AA,TT,CC,AA,TT
1960,25,Male,72,1,0,4,3,0,3,6.51,310,2.22,0.59,139.6,38,AG,GG,AG,GG,TT,CC,CT,TT,CT,AA,AA,TT,CG,AA,CT
1961,26,Female,70,1,0,4,3,1,4,7.55,237,1.78,0.72,133.1,37,AA,TG,AA,GG,TT,CC,CC,TT,TT,AA,AA,TT,GG,AA,CT
2068,27,Male,57,1,1,4,0,0,2,7.22,411,1.52,0.74,270.4,26,AA,GG,AG,GG,TT,CC,CT,CT,TT,AA,AA,TT,CG,AA,CT
2073,28,Male,60,1,0,4,3,0,3,6.18,261,1.11,0.33,235.1,39,AG,GG,AG,AG,TT,CC,CC,TT,CT,AA,AA,TT,CG,AA,CT
2084,29,Male,68,1,0,4,3,0,3,1.77,138,1.8,0.31,76.7,41,AA,TG,AA,GG,TT,CT,CC,TT,CC,AA,AC,TG,GG,AA,CT
2085,30,Male,67,1,0,4,3,0,3,3.54,279,0.88,0.29,317,34,AA,GG,AG,AG,TT,CC,CT,CT,CT,AA,AA,TT,CG,AA,CT
2128,31,Male,79,1,0,3,3,0,3,3.34,113,1.37,0.42,82.5,37,AG,GG,AG,GG,TT,CC,TT,TT,TT,AA,AA,TT,CC,AG,CT
2149,32,Male,73,1,1,4,3,0,3,2.51,114,0.58,0.1,196.6,37,AA,GG,AG,AG,TT,CC,CT,TT,CT,AA,AA,TT,CG,AA,CT
2170,33,Male,51,1,0,3,2,1,4,11.89,537,0.95,0.75,565.3,28,AA,TG,AA,AG,CT,CT,TT,CT,TT,AC,AC,TG,CC,AA,TT
2180,34,Female,79,1,0,4,3,0,3,3.34,200,1.55,0.38,129,39,AA,GG,AG,AG,TT,CC,CT,CT,CT,AA,AA,TT,CG,AA,CT
2185,35,Female,61,0,0,4,3,0,3,2.09,148,0.27,0.49,548.1,30,AG,GG,GG,AG,TT,CC,CT,CT,TT,AA,AA,TT,CG,AA,CT
2248,36,Male,74,1,1,4,3,1,4,2.77,155,1.42,0.29,109.2,41,AG,GG,AG,AA,CT,CC,CT,TT,CT,AC,AA,TT,CG,AA,CT
2284,37,Male,73,1,1,3,2,0,3,3.08,356,1.16,0.39,306.9,34,AA,TG,AA,GG,TT,CT,CC,TT,CC,AA,AA,TG,GG,AA,CT
2286,38,Female,67,1,0,3,2,1,4,2.48,208,1.36,0.2,152.9,41,AA,GG,AA,GG,CT,CC,CT,CT,CC,AC,AA,TT,CC,AG,TT
2285,39,Male,72,1,0,3,3,1,4,4.67,250,1.19,0.39,210.1,40,AG,GG,AG,AG,TT,CC,TT,CT,TT,AA,AA,TT,CG,AA,TT
2447,40,Male,55,1,0,4,3,1,4,4.19,271,0.71,0.7,381.7,35,AG,GG,AG,AG,TT,CC,CT,CT,CT,AC,AA,TT,CG,AA,CC
2495,41,Male,60,1,0,4,3,1,4,3.93,185,1.47,0.78,125.9,38,AG,GG,AG,AG,TT,CC,CT,CT,CT,AA,AA,TT,CG,AA,CT
2497,42,Male,75,1,1,3,2,1,4,5.99,98,0.41,0.78,239,34,AG,GG,GG,AG,TT,CC,TT,CT,TT,AA,AA,TT,CC,AA,CT
2594,43,Female,68,1,0,4,3,0,3,2.9,200,1.93,0.36,103.6,44,AA,TG,AA,GG,CT,CT,CT,CT,CT,AC,AA,TG,CG,AA,TT
2668,44,Male,61,1,0,2,3,0,3,2.15,203,1.73,0.46,117.3,38,AG,GG,GG,AG,TT,CC,CT,CT,TT,AA,AA,TT,CC,AA,CT
2667,45,Female,69,1,1,2,1,0,3,3.66,190,1.83,0.33,103.8,50,AA,GG,GG,AG,TT,CC,TT,CT,TT,AC,AA,TT,CC,AA,CT
2712,46,Male,67,1,1,3,2,0,3,4.77,189,1.53,0.32,123.5,46,AA,GG,AA,AG,TT,CC,CC,TT,CC,AA,AA,TT,CG,AG,TT
2711,47,Male,60,1,0,3,3,0,3,1.82,116,0.98,0.19,118.4,38,AG,TG,AG,AG,CT,CT,TT,CT,CT,AC,AA,TG,CC,GG,TT
2793,48,Male,75,1,0,4,3,0,3,3.81,196,1.28,0.29,153.1,39,AA,GG,AA,AG,CT,CC,CT,CT,CT,AC,AA,TT,CG,AG,CT
2863,49,Female,53,1,0,3,1,0,2,2.52,182,1.28,0.38,142.2,36,AG,TG,AG,GG,TT,CC,TT,TT,TT,AA,AA,TG,CC,AA,CC
2861,50,Female,71,1,1,4,1,0,3,3.66,55,1.63,0.3,33.7,40,AG,GG,AG,AG,TT,CC,CT,TT,CT,AA,AA,TT,CG,AG,CT
2888,51,Male,57,1,1,3,1,0,3,2.36,98,0.87,0.22,112.6,51,GG,GG,GG,AG,TT,CC,CT,TT,TT,AC,AA,TT,CG,AA,TT
2886,52,Female,72,1,1,4,0,0,2,4.01,253,1.42,0.47,178.2,39,AG,GG,AG,AG,TT,CC,CT,TT,CT,AA,AA,TT,CG,AG,TT
2887,53,Female,79,1,0,4,2,0,3,4.51,230,1.95,0.74,117.9,42,AA,TG,AA,AG,CT,CT,CC,TT,CT,AC,AA,TG,GG,AA,CT
2930,54,Male,75,0,1,4,0,0,2,5.02,247,2.96,0.45,83.4,36,AG,GG,AG,AG,CT,CC,CT,TT,CT,AC,AA,TT,CG,AG,TT
3025,55,Male,74,1,0,3,1,0,3,2.56,171,1.17,0.34,146.2,42,AG,GG,AG,GG,TT,CC,TT,TT,TT,AA,AA,TT,CC,AA,CT
3053,56,Female,45,1,0,4,0,0,2,3.09,178,1,0.19,178,38,AA,GG,AG,AA,CT,CC,CT,TT,CT,AC,AA,TT,CG,AG,TT
3064,57,Female,48,1,0,4,3,0,3,2.63,247,1.56,0.4,158.3,45,AG,GG,AG,AG,TT,CC,CT,TT,TT,AA,AA,TT,CC,AG,CC
3063,58,Female,68,1,0,3,2,0,3,4.99,350,1.17,0.63,299.1,37,AA,GG,AA,AA,TT,CC,CT,TT,TT,AC,AA,TT,CC,AG,TT
3050,59,Female,46,1,0,4,3,0,3,2.45,160,2.04,0.42,78.4,39,AA,TG,AG,GG,TT,CC,CT,CT,CT,AA,AA,TT,CG,GG,CT
3075,60,Female,72,1,1,3,1,0,3,3.28,196,1.53,0.46,128.1,42,AG,GG,AG,AG,TT,CC,CT,CC,TT,CC,AA,TT,CC,AA,TT
3076,61,Male,70,0,0,3,2,0,3,7.82,289,1.01,0.48,286.1,36,AA,GG,AA,AA,TT,CC,CT,CC,CT,AA,AA,TT,CC,AA,TT
3139,62,Female,69,1,2,3,2,0,3,3.58,114,0.71,0.13,160.6,36,AA,TG,AG,AG,CT,CC,TT,CT,TT,AC,AA,TG,CC,AG,CT
3140,63,Female,52,1,1,3,0,0,2,5.3,212,1.08,0.48,196.3,40,AG,TG,AG,AG,TT,CC,CT,TT,CT,AC,AA,TG,CG,AG,TT
3169,64,Female,62,1,1,3,0,0,2,3.9,235,1.94,0.24,121.1,46,AG,GG,AG,AG,TT,CC,TT,CT,TT,AA,AA,TT,CC,AG,CT
3210,65,Male,68,1,1,4,0,0,2,3.91,225,0.79,0.22,284.8,38,AA,TG,AG,AG,TT,CC,CT,TT,CT,AA,AA,TG,CG,AA,TT
3209,66,Male,67,1,0,2,1,0,3,2.72,154,1.09,0.4,141.3,43,AA,GG,AA,GG,TT,CC,CC,CT,CC,AA,AA,TT,CG,AA,TT
3240,67,Male,74,1,0,4,2,0,3,2.94,210,1.76,0.32,119.3,39,AG,TG,AG,AG,TT,CC,TT,TT,TT,AC,AA,TG,CG,AG,TT
2874,68,Female,60,1,0,4,3,1,4,2.42,125,1.05,0.32,119,38,AG,GG,AG,AG,TT,CC,CT,CT,CT,AA,AA,TT,CG,AA,CT
3286,69,Male,48,1,0,4,1,1,4,3.6,191,1.43,0.37,133.6,42,AA,TG,AA,AG,TT,CT,CC,CT,CT,AA,AA,TG,CG,AA,TT
376,70,Female,60,1,0,4,3,1,4,1.35,146,1.04,0.21,140.4,37,AA,GG,AA,AG,TT,CC,CT,CT,CT,AA,AA,TT,CG,AA,CT
596,71,Female,65,1,0,4,3,0,3,3.24,222,1.39,0.26,159.7,36,AG,TG,AG,AG,TT,CT,CT,TT,CT,AA,AA,TG,CG,AA,CT
599,72,Male,72,0,0,4,1,1,4,3.78,141,1.44,0.44,97.9,36,AA,GG,AG,AG,TT,CC,CT,TT,TT,AA,AA,TT,GG,AG,CT
766,73,Male,63,1,1,3,1,0,2,1.59,126,1.52,0.19,82.9,38,AG,GG,AG,AG,TT,CC,CT,TT,CT,AA,AA,TT,GG,AG,CT
765,74,Male,70,1,0,3,2,0,3,6.31,101,1.24,0.95,81.5,36,AA,TG,AA,AG,TT,CC,CC,TT,CC,AA,AA,TG,GG,AA,TT
767,75,Male,67,1,0,3,2,0,3,3.09,247,1.69,0.35,146.2,45,AG,GG,AG,AG,TT,CC,CT,TT,CT,AA,AA,TT,GG,AA,CT
780,76,Female,63,0,0,4,3,0,3,3.14,285,0.68,0.34,419.1,32,AG,GG,AG,AG,CT,CC,CT,CT,TT,AC,AA,TT,CG,AA,TT
863,77,Male,57,1,0,2,1,1,4,4.62,296,1.42,0.23,208.5,42,AA,GG,AG,AG,CT,CC,CT,TT,TT,AC,AA,TT,CC,AG,CT
984,78,Male,70,1,0,4,3,1,4,2.69,188,1.26,0.44,149.2,31,AA,GG,AA,GG,CT,CC,CC,CT,CC,AC,AA,TT,CG,AA,TT
983,79,Male,70,1,0,4,3,1,4,7.22,169,2.14,0.51,79,37,AG,GG,AG,AG,TT,CC,CT,TT,CT,AA,AA,TT,GG,AA,CT
1014,80,Male,69,0,1,4,3,1,4,6.95,405,2.02,0.45,200.5,41,AG,GG,AG,AG,TT,CC,CT,CT,TT,AA,AA,TT,CG,AA,CT
1049,81,Male,64,1,1,4,3,1,4,11.08,279,2.37,0.76,117.7,28,AG,GG,AG,AG,CT,CC,CT,CT,CT,AC,AA,TT,CG,AA,TT
1048,82,Male,69,1,1,4,3,0,3,3.3,222,1.8,0.43,123.3,40,AA,GG,AG,AG,TT,CC,CT,TT,CT,AA,AA,TT,GG,AG,CT
1101,83,Female,59,1,1,2,1,0,3,1.75,213,1.91,0.42,111.5,39,AA,GG,AG,GG,CT,CC,CT,TT,TT,AA,AA,TT,CG,AA,CT
1100,84,Male,66,1,1,2,2,0,2,3.93,232,1.19,0.28,195,35,AA,TG,AG,AG,TT,CT,TT,TT,TT,AA,AC,TG,CG,AA,TT
1113,85,Female,60,1,0,4,3,1,4,3.24,202,0.78,0.37,259,35,AG,GG,AG,AG,TT,CC,CT,TT,CT,AA,AA,TT,GG,AA,TT
1114,86,Male,76,1,0,3,3,1,4,2.12,102,1.6,0.41,63.8,35,AG,GG,AG,AA,CT,CC,CT,TT,CT,AC,AA,TT,CG,AA,CT
983,87,Female,69,1,1,4,3,1,2,3.95,156,1.37,0.3,113.9,36,AG,GG,GG,AG,CT,CC,TT,TT,CT,AA,AA,TT,CG,AA,CC
1225,88,Male,60,1,0,4,3,0,3,2.69,154,1,0.3,154,45,AA,GG,AA,GG,TT,CC,CT,CT,CT,AC,AA,TT,CC,AA,CT
1278,89,Male,73,1,0,4,3,1,4,4.44,156,0.63,0.41,247.6,37,AA,GG,AA,AG,CT,CC,CC,TT,CT,AC,AA,TT,GG,AA,CT
1378,90,Female,75,1,0,4,3,0,3,3.47,204,1.35,0.36,151.1,40,AA,GG,AA,AG,TT,CC,CC,TT,CT,AA,AA,TT,CG,AG,TT
1455,91,Male,60,1,1,3,1,0,3,1.2,161,2.19,0.42,73.5,43,AA,TG,AA,GG,TT,CT,CC,CT,CC,AA,AC,TG,CG,AA,TT
1507,92,Female,69,0,0,4,1,1,4,1.92,81,1.02,0.29,79.4,43,AG,TT,GG,GG,TT,CT,TT,CT,TT,AA,AC,GG,CC,AG,CT
1556,93,Female,59,1,0,3,1,0,3,1.39,174,0.33,0.11,527.3,47,AG,GG,AG,AG,TT,CC,CT,CT,TT,AA,AA,TT,CG,AA,TT
2073,94,Female,60,1,0,4,1,0,3,4.07,155,1.3,0.43,119.2,38,AG,GG,AG,GG,TT,CC,CT,CT,TT,AA,AA,TT,CG,AG,CC
2073,95,Male,73,1,0,4,2,0,3,2.24,137,0.58,0.41,236.2,39,AA,GG,AG,AG,CT,CC,CT,CT,TT,AC,AA,TT,CG,AA,CT
1277,96,Male,69,1,0,4,1,0,3,3.14,221,1.43,0.19,154.5,51,AA,GG,AG,GG,CT,CC,TT,TT,TT,AA,AA,TT,CC,AA,TT
863,97,Female,60,1,1,4,1,1,4,4.01,123,1.46,0.44,84.2,38,AA,TT,AG,AG,TT,CT,TT,TT,TT,AA,AA,TG,CC,AG,TT
1960,98,Male,74,1,0,4,3,0,3,2.68,126,1.38,0.1,91.3,41,AG,GG,GG,AG,CT,CC,TT,TT,TT,AA,AA,TT,CG,AA,TT
1565,99,Female,79,1,0,4,3,0,4,2.7,105,0.74,0.19,141.9,40,AG,GG,GG,GG,TT,CC,CT,CT,CT,AC,AA,TT,CG,AG,CT
1250,100,Female,70,1,0,4,3,0,2,3.33,226,1.78,0.29,127,44,AG,TG,AA,AA,TT,CT,TT,TT,CT,AC,AA,TG,CC,AA,CT
1455,101,Male,68,0,2,4,3,0,3,2.2,118,0.75,0.19,157.3,46,AG,GG,AG,AG,CT,CC,TT,CT,TT,AA,AA,TT,CC,AA,TT
599,102,Male,69,1,1,4,3,0,3,6.28,55,1.43,0.46,38.5,35,AG,TT,AG,AG,TT,CC,CT,TT,CT,AA,AC,TG,GG,AG,CT
2285,103,Female,59,1,0,4,3,0,3,2.64,196,1.51,0.3,129.8,39,AA,GG,AG,AG,TT,CC,CT,TT,CT,AA,AA,TT,GG,AG,CT
2286,104,Female,69,1,0,4,3,1,4,2.92,102,1.26,0.29,81,45,AG,GG,GG,GG,TT,CC,TT,CT,TT,AC,AA,TT,CC,AA,CT
1348,105,Female,73,1,0,3,2,1,4,9.26,397,1.37,0.83,289.8,34,AG,TT,AA,AG,TT,CT,TT,TT,CC,CC,AC,GG,CG,AA,TT
2874,106,Male,72,1,0,4,2,1,3,3.76,253,2.38,0.33,106.3,44,AA,TG,AG,AG,CT,CC,CT,TT,CT,AC,AA,TT,CG,AA,TT
2886,107,Female,59,1,1,4,1,0,3,4.35,116,1.54,0.32,75.3,47,AG,GG,AA,AA,TT,CC,CC,CT,TT,AC,AA,TT,CC,AG,TT
3064,108,Female,55,1,0,4,2,1,3,3.89,99,0.43,0.28,230.2,35,AA,GG,AG,AG,TT,CC,CC,TT,TT,AC,AA,TT,CG,AA,TT
1100,109,Female,67,0,0,3,3,1,4,2.52,149,1.32,0.45,112.9,31,AG,GG,GG,GG,CT,CC,CT,CT,TT,AC,AA,TT,CG,AA,CT
2286,110,Male,69,1,0,4,3,0,3,2.63,54,0.7,0.11,77.1,36,AG,GG,GG,AG,TT,CC,TT,CT,CT,AA,AA,TT,GG,AG,TT
2084,111,Female,53,1,0,4,3,0,3,2.72,342,1.7,0.46,201.2,36,AA,TG,AA,AG,TT,CC,CC,CT,CC,AA,AA,TG,CG,AG,CT
2085,112,Female,75,1,0,4,3,0,3,6.09,289,1.55,0.77,186.5,38,AG,GG,GG,GG,TT,CC,TT,TT,CT,AA,AA,TT,CC,AG,CT
2073,113,Female,72,1,1,4,3,0,3,2.92,340,1.43,0.59,237.8,36,AA,GG,AG,AG,TT,CC,CT,CC,CT,AA,AA,TT,GG,AG,TT
1739,114,Female,67,1,1,2,3,0,2,1.46,56,0.58,0.19,96.6,22,AG,TG,AG,AG,TT,CT,CT,TT,TT,AA,AA,TG,CG,AA,CT
2180,115,Female,60,1,0,4,3,0,4,3.22,180,0.76,0.33,236.8,39,AG,GG,GG,AG,CT,CC,TT,TT,CT,AC,AA,TT,CG,AA,TT
2861,116,Male,68,0,1,4,0,1,3,3.12,220,0.33,0.34,666.7,35,AG,TG,GG,AG,TT,CC,TT,TT,TT,AC,AA,GG,CG,AA,TT
1958,117,Male,55,1,0,3,2,0,4,2.59,204,1.54,0.3,132.5,38,AG,GG,AA,AA,CT,CT,TT,CT,CT,AA,AA,TT,CC,AA,CT
1201,118,Male,67,1,0,4,2,1,4,7.88,384,1.57,0.49,244.6,40,AA,TG,AA,GG,TT,CT,CC,TT,TT,AC,AA,GG,GG,AA,TT
1597,119,Female,69,1,0,4,1,0,2,3.7,201,1.28,0.29,157,35,AG,GG,AG,GG,TT,CC,CT,CT,CT,AA,AA,TG,CG,AG,CT
1378,120,Male,68,1,0,4,3,0,3,2.44,137,1.73,0.43,79.2,40,AA,GG,AG,AG,TT,CC,CT,CT,CT,AA,AA,TT,CG,GG,CT
2085,121,Female,60,1,0,4,3,0,3,3.06,102,1.08,0.29,94.4,40,AA,GG,AG,GG,CT,CC,CT,CT,CT,AC,AA,TG,CG,GG,CT
2180,122,Female,65,1,0,4,3,0,3,3.74,201,1.53,0.54,131.4,41,AG,GG,AG,GG,CT,CC,CT,TT,CT,AA,AA,TT,GG,AA,TT
599,123,Female,60,0,1,4,3,0,3,3.27,155,0.77,0.19,201.3,36,AG,GG,GG,GG,TT,CC,CT,CT,CT,AA,AA,TT,CG,AA,CC
2085,124,Male,69,1,0,4,1,0,4,3.56,200,1.01,0.38,198,38,AG,GG,GG,AG,CT,CC,CT,TT,CT,AA,AA,TT,CG,AA,CT
1150,125,Male,60,1,0,4,1,0,3,2.2,101,0.58,0.16,174.1,35,AG,TG,GG,AG,TT,CT,CT,TT,TT,AC,AA,TG,CG,GG,CT
2085,126,Male,69,1,0,4,3,0,3,2.11,196,1.76,0.44,111.4,39,AA,GG,AG,AG,TT,CC,CT,TT,TT,AA,AA,TT,GG,GG,TT
2073,127,Female,73,1,0,4,1,1,4,3.46,200,2.35,0.34,85.1,41,AG,GG,AG,AG,TT,CC,TT,TT,CT,AA,AA,TT,CC,AA,TT
3064,128,Female,57,0,1,4,2,0,3,4.31,127,0.42,0.33,302.4,35,AA,GG,AA,AG,TT,CT,CC,TT,CT,AC,AA,GG,CC,GG,CT
2793,129,Female,60,1,2,4,3,0,3,2.62,102,1.06,0.19,96.2,25,AA,GG,AG,AG,TT,CC,CT,TT,TT,AA,AA,TG,CC,AA,CC
2793,130,Male,75,1,0,4,3,0,3,6.49,287,2.2,0.58,130.5,29,AG,GG,GG,GG,TT,CC,TT,TT,CT,AA,AA,TG,CC,AA,TT
2085,131,Female,73,1,0,4,3,0,3,2.42,215,2.34,0.33,91.9,39,AG,GG,AG,AG,CT,CC,CT,CC,CT,AC,AA,TT,CC,AG,CT
984,132,Male,59,1,0,3,2,0,3,3.68,194,1.32,0.31,147,36,AA,TG,GG,AG,CT,CC,CT,CT,CT,AC,AA,TG,CG,AA,CC
2447,133,Male,59,0,0,4,3,0,4,3.05,336,1.19,0.3,282.4,40,AG,GG,AG,AG,TT,CC,CT,TT,CT,AA,AA,TT,CG,GG,CC
1378,134,Female,57,1,0,4,3,1,4,2.92,151,1.02,0.33,148,46,AA,GG,AG,GG,CT,CC,CT,CT,CT,AC,AA,TT,CG,AA,CT
1597,135,Male,75,0,1,4,3,0,2,3.22,240,1.44,0.39,166.7,34,AG,GG,AG,GG,TT,CC,CT,CT,CT,AA,AA,GG,CG,AA,TT
1960,136,Female,59,1,1,4,3,0,3,3.28,97,0.57,0.29,170.2,30,AA,GG,AA,GG,TT,CT,CT,CT,TT,CC,AA,TT,CG,AA,CC
2495,137,Female,69,0,1,4,0,0,4,5.18,189,0.75,0.44,252,38,AG,GG,AG,GG,TT,CC,TT,TT,TT,AA,AA,TT,CC,AA,CC
984,138,Male,67,1,1,4,2,0,3,3.08,226,1.34,0.48,168.7,45,AG,GG,AG,AG,TT,CC,CT,CT,CT,AA,AA,TT,CC,AA,TT
984,139,Female,60,0,2,4,3,1,4,4.99,148,1.04,0.28,142.3,42,AG,GG,AA,AG,TT,CT,CC,TT,TT,AC,AA,GG,CG,AA,CT
2073,140,Female,72,1,0,4,3,0,3,2.62,138,1.64,0.16,84.1,32,AG,GG,GG,AG,CT,CC,CT,TT,CT,AC,AA,TT,CG,AG,CT
2085,141,Male,60,1,1,4,3,0,4,2.46,195,1.55,0.25,125.8,36,AG,GG,AG,AG,TT,CC,CT,TT,CT,AA,AA,TT,CG,AA,CT
2085,142,Male,59,0,1,4,3,0,3,2.42,197,1.46,0.22,134.9,38,AA,GG,AG,AG,TT,CC,CT,CC,CT,AA,AA,TT,CG,AA,CT
2085,143,Female,72,1,0,4,1,0,3,3.53,165,1,0.19,165,44,AG,GG,AG,AG,TT,CC,TT,TT,CT,AA,AA,TT,CC,AG,CT
2285,144,Male,73,1,0,3,2,0,3,4.48,192,1.77,0.55,108.5,40,AG,GG,AG,GG,TT,CC,TT,TT,CT,AC,AA,TT,CC,AG,CT
2447,145,Male,55,0,1,4,3,0,4,4.9,246,2.95,0.33,83.4,38,AA,GG,AA,GG,TT,CT,CC,TT,CC,AA,AA,GG,CG,GG,CC
1101,146,Male,73,1,0,4,0,0,3,3.85,55,0.71,0.28,77.5,38,AG,GG,AG,AA,TT,CC,CT,CT,CT,AA,AA,GG,CG,AA,TT
2447,147,Female,41,0,1,3,3,1,4,2.53,217,0.67,0.37,323.9,36,AG,TG,AG,GG,TT,CC,CT,TT,TT,AA,AA,TG,CG,AA,TT
780,148,Male,60,0,0,3,2,1,4,3.36,211,1.01,0.37,208.9,47,AG,GG,AG,AG,TT,CT,CT,CC,TT,AA,AA,GG,GG,AA,CT
1378,149,Male,69,1,0,4,3,0,4,3.07,124,1.87,0.37,66.3,39,AG,GG,GG,AA,TT,CC,TT,CT,CT,AA,AA,TT,CG,AA,TT
2085,150,Female,60,1,0,4,1,0,3,3.92,55,0.99,0.28,55.6,40,GG,GG,AG,GG,TT,CC,TT,CT,CT,AA,AA,TT,CC,GG,CC
2085,151,Female,63,1,0,4,3,0,3,3.81,242,1.54,0.33,157.1,43,AG,TG,AG,AG,TT,CT,CC,TT,CT,AA,AA,TG,GG,AA,CT
1631,152,Male,60,0,0,4,1,0,3,3.5,197,1.01,0.29,195,35,AA,GG,AG,AG,TT,CC,CT,CT,CT,AA,AA,GG,CG,GG,CC
2888,153,Male,67,0,0,3,1,1,3,2.39,200,1.61,0.39,124.2,47,AG,TG,AG,AG,TT,CC,TT,TT,CT,AC,AA,TT,CC,AA,TT
983,154,Male,59,1,0,2,1,1,4,4,200,1.52,0.55,131.6,27,AA,GG,AA,GG,TT,CT,CC,TT,CC,AA,AA,TT,CG,AG,CT
1507,155,Female,69,1,0,3,3,0,4,2.57,200,1.91,0.43,104.7,39,AG,TT,GG,GG,TT,CT,CT,CT,TT,AA,AA,TG,CG,AA,CC
2887,156,Female,60,1,0,3,2,0,3,3.12,200,1.37,0.37,146,36,AG,GG,AG,AG,TT,CC,CT,TT,CT,AC,AA,TT,GG,AG,TT
1597,157,Female,67,1,0,4,0,1,2,4.85,229,0.74,0.39,309.5,38,AG,TT,AG,GG,TT,CC,CT,TT,CT,AA,AA,TG,CG,AA,CT
780,158,Female,66,1,1,3,2,1,2,7.67,170,0.59,0.72,288.1,41,GG,GG,AG,GG,TT,CT,CC,CT,TT,AA,AA,GG,CG,GG,TT
1960,159,Male,60,1,1,4,1,1,4,4.09,174,0.74,0.3,235.1,39,AG,TG,AG,AG,CT,CT,TT,CT,CT,AC,AA,TG,CC,AA,CC
2180,160,Female,60,0,1,4,2,0,3,2.11,213,1.02,0.48,208.8,36,AA,GG,AG,AG,TT,CC,CT,CC,CT,AC,AA,TT,GG,AG,TT
2085,161,Male,72,1,0,4,3,0,3,3.02,218,1.43,0.23,152.4,41,AG,GG,AG,AG,TT,CC,CT,TT,CT,AC,AA,TT,CG,AA,CT
2073,162,Male,73,1,0,4,3,0,3,6.16,194,3,0.34,64.7,40,AG,GG,AG,AG,CT,CC,CT,CT,CT,AA,AA,TT,GG,AA,TT
1378,163,Male,73,1,0,4,3,0,3,3.69,118,1.39,0.26,84.9,39,AG,GG,AG,AG,TT,CC,TT,TT,CT,AA,AA,TT,CC,AA,CT
1958,164,Male,74,1,0,4,3,0,3,4.82,272,2.98,0.54,91.3,45,AG,GG,GG,AG,TT,CC,TT,TT,CT,AA,AA,TT,CC,AG,TT
2180,165,Male,58,1,0,4,3,0,3,3.73,198,0.95,0.22,208.4,38,AA,TG,GG,AG,CT,CC,CT,CC,CT,AA,AA,TG,CG,GG,TT
2073,166,Male,72,1,0,4,1,1,4,7.37,257,1.03,0.71,249.5,41,AG,TG,AG,AG,TT,CC,TT,TT,CT,AC,AA,GG,CC,AA,TT
2180,167,Male,52,1,0,4,2,0,3,2.5,182,1.78,0.33,102.2,39,AA,GG,AG,AA,TT,CT,CT,CC,CT,CC,AA,TT,CG,GG,TT
2793,168,Male,69,1,0,4,3,0,4,2.11,117,1.79,0.43,65.4,39,AA,GG,AG,AG,CT,CC,CT,CT,CT,AC,AA,TT,CC,AA,CT
596,169,Male,65,1,0,4,3,0,3,1.18,182,1.49,0.16,122.1,22,AA,TG,GG,GG,TT,CT,CT,TT,CT,CC,AC,TT,GG,AA,CT
983,170,Female,59,1,0,2,1,1,4,5.1,298,2.41,0.23,123.7,39,AG,GG,AA,AG,TT,CT,CT,TT,TT,AA,AA,TT,CG,AA,CT
1760,171,Male,61,0,0,4,3,0,3,3.94,228,2.89,0.36,78.9,43,AG,GG,AG,AA,TT,CC,CT,CT,TT,AC,AA,TT,CG,AA,CT
1014,172,Female,60,1,0,4,3,0,3,2.74,200,1.06,0.38,188.7,36,AA,GG,GG,GG,TT,CC,CT,TT,CT,AC,AA,TT,CG,AG,CT
1507,173,Male,60,1,0,4,3,1,3,3.95,150,1.24,0.4,121,41,AA,GG,GG,AG,CT,CC,CT,CT,CT,AA,AA,TT,GG,GG,CC
3076,174,Male,60,1,0,3,3,1,4,2.99,174,0.78,0.2,223.1,46,AG,GG,AG,AG,TT,CC,CT,TT,TT,AA,AA,TT,CC,AA,CC
2085,175,Female,72,1,1,4,2,0,3,2.96,217,1.15,0.45,188.7,35,AG,TG,GG,GG,TT,CT,TT,TT,TT,AC,AA,TG,CC,AA,TT
1133,176,Female,79,1,0,4,2,1,3,14.08,247,0.64,0.41,385.9,39,GG,GG,AA,AA,TT,CT,CC,TT,TT,AC,AC,TT,CC,AA,CT
2180,177,Female,69,0,0,4,3,1,3,2.37,217,1.52,0.3,142.8,46,AA,GG,AG,AG,TT,CC,TT,TT,CT,AA,AA,TT,CG,AG,CT
1631,178,Female,68,1,0,4,1,0,3,4.9,181,1.08,0.72,167.6,22,AG,GG,AG,AG,TT,CC,CT,TT,TT,AC,AA,GG,CG,AA,CT
596,179,Female,69,1,0,4,3,0,4,3.66,227,1.24,0.45,183.1,35,AA,GG,AG,AG,CT,CC,CT,TT,CT,AC,AA,TT,GG,GG,TT
2285,180,Female,75,0,0,4,3,0,3,3.36,56,2.94,0.38,19,38,AG,GG,AA,AG,TT,CC,CT,CT,CT,AA,AA,GG,CG,AG,CT
2085,181,Male,63,1,1,4,2,0,3,1.44,199,1.9,0.3,104.7,37,AA,TG,AG,GG,TT,CT,CT,CT,CT,AC,AA,TG,CG,GG,CC
1148,182,Male,79,1,0,4,3,0,3,3.36,196,1.3,0.45,150.8,39,AA,GG,AA,AA,CT,CT,CT,TT,CT,AC,AA,TT,CG,AA,CT
1014,183,Female,60,0,1,4,0,1,3,14.46,200,2.99,0.44,66.9,39,GG,GG,AA,AA,TT,CC,CC,CT,TT,AC,AC,TT,CG,AG,CC
1133,184,Male,69,1,0,4,3,0,3,1.86,245,0.58,0.28,422.4,35,AG,GG,GG,AG,TT,CC,CT,TT,TT,AA,AA,TT,CG,AA,TT
2073,185,Male,59,1,1,4,3,0,3,3.27,118,0.85,0.3,138.8,39,AA,GG,AG,GG,TT,CC,TT,CT,CT,AA,AA,TT,CC,AA,CC
596,186,Male,67,1,1,3,3,0,3,3.25,218,1.31,0.35,166.4,39,AG,GG,GG,GG,TT,CC,CT,TT,CT,AC,AA,TT,CG,AA,TT
2085,187,Female,62,1,0,4,3,0,3,3.05,201,1.33,0.28,151.1,40,AG,TG,AG,AG,TT,CT,CT,TT,CT,AA,AA,TG,CG,AG,CT
1113,188,Male,79,1,0,3,2,0,3,3.26,154,1.06,0.29,145.3,41,AG,GG,AG,AA,TT,CC,CT,CT,TT,AA,AA,TT,CC,AA,CC
2085,189,Female,68,1,0,4,2,0,4,5.02,182,1.96,0.4,92.9,39,AA,GG,AA,AG,TT,CC,TT,TT,CC,CC,AA,TT,CC,AG,TT
1277,190,Male,79,1,1,3,3,0,2,3.87,283,1.29,0.42,219.4,32,AA,GG,AA,AA,CT,CT,CC,TT,CC,AC,AC,TT,CG,AA,TT
1133,191,Female,67,0,0,4,1,1,2,2.56,141,1.35,0.16,104.4,36,AA,GG,AA,GG,TT,CC,CC,TT,TT,AC,AA,GG,GG,AG,CT
599,192,Female,66,0,0,4,3,1,3,3.87,137,0.99,0.41,138.4,36,AA,GG,AA,AG,TT,CC,CT,CT,CT,AA,AA,TT,GG,AA,CC
2085,193,Female,65,1,0,4,3,0,3,3.67,203,1.54,0.28,131.8,42,AG,GG,AG,AG,TT,CC,TT,CT,CT,AA,AA,TT,CG,AA,CT
2930,194,Male,70,1,0,3,0,1,3,2.64,56,1.55,0.43,36.1,38,AG,TG,AG,AG,TT,CC,CT,TT,CT,AC,AA,TG,CC,AA,TT
2495,195,Female,73,1,0,3,2,0,3,1.92,55,1.13,0.93,48.7,44,AA,GG,GG,GG,TT,CC,CT,TT,CT,AC,AA,GG,CG,AA,TT
3286,196,Female,74,1,1,4,1,0,3,3.2,348,1.38,0.63,252.2,38,AG,GG,GG,AG,TT,CC,CT,CC,CT,AC,AA,TT,CC,AA,TT
1276,197,Male,55,1,1,3,3,0,4,1.43,197,1.17,0.48,168.4,35,AG,TG,AG,GG,TT,CC,CT,CT,CT,AC,AA,TG,CG,AA,TT
1133,198,Female,63,0,0,2,3,1,2,11.35,213,1.53,0.44,139.2,37,AA,GG,AG,AG,TT,CC,CT,CT,CT,AA,AA,TG,CG,AA,CT
2085,199,Female,59,0,1,4,3,0,3,2.52,196,1.02,0.21,192.2,39,AA,GG,AG,GG,CT,CC,CT,TT,CT,AA,AA,GG,CG,AG,CT
2085,200,Female,60,1,0,4,3,0,4,2.64,150,1.3,0.29,115.4,38,AG,GG,AA,AG,TT,CC,CC,TT,TT,AA,AA,TT,GG,AG,CC
2085,201,Female,63,1,0,4,0,0,2,2.17,103,0.58,0.37,177.6,38,AG,GG,AA,AG,TT,CT,TT,CC,CT,AA,AA,TG,CC,AA,CT
2073,202,Female,55,1,0,4,3,0,3,4.86,123,2.99,0.54,41.1,39,AG,GG,AA,GG,TT,CC,CC,CT,CC,AA,AC,TG,CG,GG,CC
596,203,Female,72,1,0,4,3,0,3,3.73,125,1.42,0.44,88,32,AG,TG,AG,AG,TT,CC,CT,TT,TT,AA,AA,TG,CG,GG,CT
2793,204,Female,69,1,1,3,2,1,4,1.32,196,0.74,0.45,264.9,38,AG,GG,AG,GG,TT,CC,CT,TT,CT,AC,AA,TT,CG,AA,CT
1348,205,Female,60,0,1,3,3,0,3,2.59,219,0.68,0.24,322.1,36,AG,TG,GG,GG,TT,CT,TT,TT,TT,AA,AC,GG,CC,AA,TT
2886,206,Female,71,1,1,3,2,0,4,2.89,210,0.68,0.4,308.8,36,AG,TG,AG,AG,CT,CT,TT,TT,TT,AC,AA,TG,CC,AA,CT
2085,207,Female,79,0,0,4,3,1,4,6.49,286,1.45,0.45,197.2,46,AG,TT,GG,AG,TT,CC,CT,TT,CT,AA,AA,TT,CC,AA,CC
983,208,Male,73,0,1,2,0,1,4,3.93,229,1.01,0.28,226.7,40,AG,GG,GG,GG,TT,CC,CT,CT,TT,AC,AA,GG,CC,AA,CC
2085,209,Female,65,1,0,4,3,0,3,3.54,213,2.36,0.28,90.3,39,AG,TG,AG,AG,TT,CT,CT,TT,CT,AA,AC,TG,CG,AG,CT
1960,210,Male,58,1,0,4,3,0,3,2.47,195,1.09,0.21,178.9,36,AG,GG,AG,GG,TT,CC,TT,TT,CT,AA,AA,TT,CG,AA,TT
863,211,Female,72,1,1,3,2,1,2,2.99,230,1.35,0.23,170.4,37,AG,TG,AG,GG,CT,CC,CT,TT,CT,AC,AA,TG,CC,AG,TT
1597,212,Male,74,1,1,4,3,0,2,2.98,244,1.43,0.37,170.6,45,AG,GG,AG,AG,TT,CC,CT,CT,CT,AA,AA,TT,CG,AA,CC
1150,213,Male,72,1,1,3,3,0,4,3.03,157,0.73,0.42,215.1,39,AA,TG,AG,GG,TT,CT,CC,TT,CT,AA,AC,TG,GG,AA,CC
1278,214,Male,60,1,1,4,3,1,4,3.07,201,1.33,0.23,151.1,46,AA,GG,AG,GG,CT,CC,CT,CT,CT,AC,AA,TT,CC,AA,TT
1378,215,Female,63,1,0,4,3,0,4,1.35,147,1.05,0.21,140,41,AG,GG,AG,AG,CT,CC,CT,TT,TT,AA,AA,TT,CC,AA,CC
984,216,Female,69,0,0,4,3,1,2,3.23,217,1.36,0.41,159.6,40,AA,GG,AG,AG,CT,CC,CC,TT,TT,AA,AA,TG,CC,AG,CT
984,217,Male,67,1,0,3,2,0,4,3.96,248,0.57,0.28,435.1,35,AG,TG,GG,GG,TT,CT,CT,TT,TT,AA,AA,GG,CC,GG,TT
2073,218,Male,69,1,1,4,2,0,4,1.34,260,1.73,0.3,150.3,35,AA,GG,AG,AG,TT,CC,CT,TT,CT,AA,AA,GG,GG,AG,CC
1278,219,Male,72,1,1,3,3,0,2,1.35,214,1.32,0.22,162.1,39,AA,GG,GG,AG,TT,CT,CT,CT,TT,AC,AA,TT,CC,AA,CC
984,220,Male,72,1,1,3,3,0,2,2.21,172,1.28,0.23,134.4,39,AG,GG,AG,AG,CT,CT,CC,TT,CC,AA,AA,TT,CG,AA,CC
1277,221,Male,67,1,0,4,3,1,4,3.83,169,1.01,0.46,167.3,39,AA,GG,AA,AG,CT,CT,CC,TT,TT,AC,AA,TT,GG,AA,TT
2180,222,Female,60,0,0,4,1,0,3,3.3,225,1.35,0.43,166.7,36,AG,GG,AG,GG,TT,CC,CT,CC,CT,AA,AA,TT,CG,AA,CT
1133,223,Male,60,1,0,3,3,0,3,2.6,211,1.79,0.44,117.9,45,AG,GG,AG,AG,CT,CC,CT,CT,CT,AA,AA,TT,CG,AA,TT
1114,224,Male,60,0,1,4,0,1,2,3.27,194,0.33,0.33,587.9,40,AG,GG,GG,GG,CT,CC,CC,CT,CT,AA,AA,TG,CG,AA,CC
984,225,Male,60,1,0,4,2,0,4,2.17,147,0.56,0.38,262.5,44,GG,GG,AA,AG,CT,CC,CC,CC,CC,AA,AA,TT,CG,AA,CT
863,226,Male,66,0,1,3,0,0,2,3,225,0.75,0.47,300,37,AG,TG,AG,AG,CT,CC,CT,CT,CT,AC,AA,TG,CG,AA,TT
1378,227,Female,72,1,1,4,3,0,3,4.03,198,1.8,0.28,110,41,AG,GG,AG,AG,CT,CC,TT,CT,CT,AA,AA,TT,CC,AA,CC
983,228,Female,60,0,1,4,2,1,3,3.69,228,1.44,0.54,158.3,46,AA,GG,GG,AG,TT,CT,CT,CC,CT,AA,AC,TT,CC,GG,CT
1455,229,Male,79,1,0,3,2,0,2,1.35,337,0.57,0.76,591.2,45,GG,GG,AG,AA,TT,CT,CT,CC,CT,AC,AA,TT,CG,GG,CT
907,230,Male,61,1,1,4,2,0,3,2.49,68,2.99,0.3,22.7,39,GG,TT,GG,GG,TT,CT,CT,CT,CT,AC,AA,TG,CC,GG,CC
1278,231,Male,60,0,1,4,3,0,3,2.51,149,1,0.23,149,35,AG,GG,AA,GG,TT,CC,CC,CT,CC,AA,AC,TG,CG,GG,CT
767,232,Female,69,1,1,3,1,0,2,3.75,200,1.42,0.44,140.8,36,AG,GG,AG,GG,TT,CT,CT,CT,TT,AC,AA,GG,GG,AG,CT
1014,233,Male,75,0,1,4,3,1,2,1.33,182,1.46,0.16,124.7,36,AG,GG,AG,AA,TT,CT,CT,TT,CC,AC,AC,TT,CG,AA,CC
2073,234,Male,74,0,1,3,1,1,3,2.4,246,1.93,0.29,127.5,37,AA,GG,AG,AA,TT,CC,CT,CT,CT,AA,AA,TT,CC,AA,CC
2180,235,Male,60,0,0,3,2,0,4,2.12,248,2.04,0.22,121.6,45,AA,GG,AG,AG,CT,CC,CT,CT,CT,AA,AA,TT,GG,GG,CT
2712,236,Female,79,1,0,4,2,1,3,1.79,123,1.23,0.21,100,36,GG,TT,AA,AG,CT,CC,TT,CT,TT,AC,AA,TT,CG,AG,TT
1014,237,Male,70,1,0,3,3,0,2,1.31,222,1.28,0.33,173.4,38,AG,GG,AA,GG,TT,CC,TT,TT,TT,AA,AC,GG,CG,GG,TT
2085,238,Female,60,1,0,4,3,0,3,6.05,218,0.68,0.28,320.6,39,AG,GG,AG,AG,TT,CC,TT,TT,CT,AC,AA,GG,CG,AA,CT
3140,239,Female,46,1,2,3,2,0,2,1.33,228,1.3,0.42,175.4,46,AG,TG,AA,AG,CT,CC,TT,TT,CT,AC,AC,TG,CC,AA,TT
1378,240,Male,59,1,0,4,3,0,4,3.37,175,0.74,0.42,236.5,49,AA,GG,AG,AG,CT,CC,CT,TT,CT,AC,AA,TT,GG,AG,CC
2073,241,Male,63,0,1,4,3,1,2,6.5,139,0.73,0.33,190.4,41,AG,GG,GG,AA,CT,CT,CT,TT,CT,AC,AA,TG,CG,AA,TT
984,242,Male,66,1,1,2,3,1,2,3.27,397,1.44,0.75,275.7,27,AG,TT,GG,AG,TT,CC,CC,CT,CC,AC,AC,TG,CC,AA,CT
1113,243,Male,60,1,1,4,2,0,2,3.27,150,1.01,0.33,148.5,46,GG,GG,AG,AA,TT,CC,CT,CC,CT,AA,AA,TT,CG,GG,CT
2085,244,Female,79,1,1,4,3,0,4,2.41,99,0.85,0.22,116.5,39,AG,GG,AG,AG,CT,CC,CT,CT,CT,AA,AA,TT,CG,AG,CT
1100,245,Female,63,1,1,4,3,1,2,3.32,247,1.32,0.23,187.1,42,AA,TT,AA,GG,CT,CT,CC,TT,TT,AC,AA,TG,CC,AG,TT
2180,246,Male,60,1,0,4,3,0,3,5.24,198,0.78,0.35,253.8,38,AA,GG,AA,AG,TT,CC,CC,CT,CC,AC,AC,TT,CC,GG,TT
1960,247,Male,58,1,0,4,3,0,2,2.74,174,0.59,0.4,294.9,39,AG,TT,GG,AG,TT,CC,TT,CT,CT,AA,AA,TG,CG,AA,CC
1100,248,Male,72,0,0,4,3,0,4,3.33,158,0.73,0.32,216.4,41,AG,GG,GG,AG,TT,CC,CC,CT,CT,AC,AA,GG,CG,AA,CC
596,249,Male,60,1,0,2,0,0,2,4.64,226,1.46,0.29,154.8,46,GG,GG,AG,AG,CT,CC,CC,TT,TT,AA,AA,TT,CC,GG,CT
1378,250,Male,65,1,0,3,1,0,2,2.56,183,1.91,0.19,95.8,42,AA,GG,GG,GG,CC,CC,TT,CT,TT,AC,AA,TG,CG,AG,TT
1597,251,Female,79,1,0,4,3,0,3,3.71,242,1.43,0.37,169.2,40,AG,TG,AG,AG,TT,CT,CT,TT,TT,AA,AA,TG,CC,AG,TT
1378,252,Female,60,1,0,3,3,0,3,3.65,277,1.16,0.74,238.8,36,AG,GG,AG,AG,TT,CC,CT,CT,TT,AA,AA,TT,CG,GG,CC
2073,253,Male,67,1,0,3,3,0,3,3.53,139,0.33,0.19,421.2,22,AA,TG,AG,AA,TT,CT,TT,TT,CT,AC,AC,TG,CC,AG,CT
2085,254,Male,62,0,1,4,1,0,2,1.55,202,1.33,0.45,151.9,35,AG,GG,AG,AG,TT,CC,CT,CT,TT,AC,AC,GG,CC,AA,TT
1133,255,Male,72,1,0,4,1,0,3,3.33,217,1.34,0.23,161.9,43,AA,TG,AG,AG,TT,CC,CT,TT,CC,AA,AA,TG,CC,AA,TT
2085,256,Female,55,1,2,4,1,0,3,1.19,181,1.55,0.47,116.8,36,AG,GG,AG,AG,TT,CC,CT,CC,CC,AC,AC,TT,GG,AG,TT
2447,257,Female,79,1,0,4,3,1,3,3.27,219,2.92,0.41,75,34,AG,GG,GG,GG,TT,CC,CT,CT,CT,AA,AA,GG,GG,AG,TT
1631,258,Male,66,1,0,4,3,0,3,3.11,272,0.98,0.25,277.6,43,AG,GG,AG,AA,TT,CC,CT,TT,CT,AA,AA,GG,GG,GG,CT
2285,259,Male,68,1,0,3,3,0,3,4.83,263,1.1,0.33,239.1,37,AG,GG,AA,AA,CT,CC,TT,TT,TT,CC,AA,TG,CC,AA,TT
1148,260,Female,65,1,1,4,3,0,3,3.55,158,1.07,0.29,147.7,36,AG,TG,AA,AG,CT,CT,CC,TT,CT,AC,AC,TG,CC,AG,TT
1133,261,Male,69,1,0,4,3,0,4,2.18,184,0.65,0.37,283.1,50,AA,GG,AG,AA,CT,CC,CT,TT,TT,AA,AA,TT,CC,AG,CC
1597,262,Male,75,0,0,4,3,0,3,3.02,192,1.43,0.28,134.3,40,AG,GG,AG,AG,TT,CC,CT,CT,CT,AA,AA,TT,CG,AA,TT
1014,263,Male,75,1,1,4,1,1,4,1.78,83,1.93,0.29,43,39,AA,TT,AA,AG,TT,CT,CC,TT,CC,CC,AA,TG,GG,AA,TT
2085,264,Female,67,0,1,4,0,1,3,3.57,227,1.42,0.36,159.9,39,AG,GG,AG,AG,CT,CC,CC,TT,CT,AC,AA,TT,CC,AG,CC
596,265,Female,69,1,0,4,1,1,3,2.45,148,1.57,0.21,94.3,37,AA,GG,AG,AG,TT,CC,CC,TT,CC,AA,AA,TT,CC,AA,CT
2073,266,Female,60,1,0,4,1,0,3,3.06,204,1.52,0.38,134.2,42,AG,GG,GG,AG,TT,CC,CC,TT,TT,AA,AA,TT,CC,GG,TT
1378,267,Male,74,1,1,3,2,0,2,3.23,98,1.01,0.48,97,32,AA,TT,AG,AA,TT,CC,TT,CT,CT,AC,AC,TG,CC,AA,CT
1100,268,Male,67,0,0,4,1,0,3,3.27,248,1.43,0.37,173.4,38,GG,GG,AG,AA,TT,CC,CC,TT,TT,AC,AA,TT,CG,GG,TT
2180,269,Female,72,1,0,4,3,1,4,1.34,124,1.17,0.46,106,38,AG,GG,AG,AG,TT,CC,CT,TT,CT,CC,AA,GG,CG,AA,CT
984,270,Male,68,1,1,3,0,1,2,3.31,220,1.01,0.3,217.8,35,AA,GG,AA,AA,CT,CT,TT,TT,TT,AC,AC,TG,CC,AA,CT
596,271,Female,74,1,0,3,1,0,3,3.34,142,1.05,0.48,135.2,35,AG,GG,AG,AG,TT,CC,CT,CT,TT,AA,AA,GG,GG,AG,TT
2073,272,Male,59,1,1,4,3,0,2,1.31,55,1.56,0.47,35.3,36,AG,GG,GG,AG,TT,CC,TT,TT,CT,AA,AC,GG,CC,AA,TT
2085,273,Female,69,0,0,4,3,0,3,2.46,201,0.41,0.42,490.2,35,AG,TG,AG,AG,TT,CC,CT,CT,TT,AA,AC,GG,CG,AG,CT
1596,274,Male,60,1,1,2,3,1,2,5,393,1.41,0.48,278.7,27,AA,TG,AA,AG,TT,CC,CC,TT,CC,AC,AC,TG,GG,AA,CT
2286,275,Female,48,1,0,4,3,0,3,3.74,126,0.74,0.53,170.3,32,AA,GG,AG,AG,TT,CC,CT,CT,CT,AA,AA,GG,CG,GG,CT
1101,276,Female,67,0,0,4,3,0,3,2.76,197,1.34,0.37,147,37,AA,GG,AA,AG,CT,CC,CC,CT,TT,AC,AA,TT,CG,AG,CC
1250,277,Male,48,1,1,4,3,0,3,2.45,103,0.57,0.43,180.7,41,AA,GG,AA,GG,TT,CC,CT,CT,CT,AC,AA,TT,CG,GG,TT
1378,278,Female,69,0,0,4,3,0,3,2.45,202,1.71,0.28,118.1,43,AG,GG,AG,GG,TT,CC,CT,CT,TT,AA,AA,TT,CG,AA,CT
2286,279,Male,68,0,0,4,0,0,2,1.19,176,1.8,0.36,97.8,43,AA,TG,AG,AG,CT,CT,CT,TT,CT,AC,AA,TG,CC,AG,TT
2085,280,Female,63,1,0,4,3,0,4,4.85,195,1.38,0.23,141.3,39,AG,GG,AA,AG,TT,CC,CC,TT,CT,AA,AA,TT,GG,AG,CT
2085,281,Male,72,1,0,2,3,0,3,2.22,203,2.4,0.23,84.6,40,AG,GG,GG,AG,CC,CT,CT,CT,TT,AC,AA,TT,CG,AA,CT
1014,282,Female,55,1,0,4,3,1,4,1.33,226,0.59,0.38,383.1,45,AG,TT,AA,GG,TT,CT,TT,TT,TT,AA,AC,GG,CG,AA,CC
2180,283,Male,67,1,1,4,1,1,3,5.13,102,0.76,0.27,134.2,40,GG,GG,GG,AG,CT,CC,CT,TT,CT,AA,AA,TT,CG,GG,CC
1597,284,Male,68,0,1,4,0,1,4,2.58,229,0.59,0.41,388.1,44,AA,TT,GG,AG,CT,CC,CT,CT,TT,AA,AA,TG,CC,AA,CC
1278,285,Male,75,1,0,4,3,0,4,2.56,217,1.77,0.23,122.6,41,AG,GG,AG,AG,CT,CT,TT,CT,CT,AA,AA,TT,CC,AA,CT
1378,286,Female,69,0,0,4,1,1,4,3.34,198,1.09,0.31,181.7,35,AA,GG,AG,AG,TT,CC,CT,TT,CC,AC,AA,TG,CC,AG,TT
596,287,Male,53,1,1,3,0,1,2,4.92,160,0.77,0.76,207.8,36,AG,TT,GG,AA,CT,CC,CT,CC,CT,AA,AC,TG,CC,AA,CC
2085,288,Male,64,0,1,4,0,0,2,3.88,200,2.05,0.41,97.6,39,AG,GG,AG,AG,TT,CC,CT,TT,CT,AC,AA,GG,GG,AA,CC
